,subject,trial,rating,shock
0,2,1,3.0,False
1,2,2,3.0,False
2,2,3,3.0,False
3,2,4,3.0,False
4,2,5,3.0,False
5,2,6,2.0,False
6,2,7,3.0,False
7,2,8,2.0,False
8,2,9,2.0,False
9,2,10,2.0,False
10,2,11,2.0,False
11,2,12,2.0,False
12,2,13,1.0,False
13,2,14,2.0,False
14,2,15,2.0,False
15,2,16,1.0,False
16,2,17,1.0,True
17,2,18,2.0,False
18,2,19,2.0,False
19,2,20,2.0,True
20,2,21,2.0,False
21,2,22,3.0,True
22,2,23,4.0,True
23,2,24,1.0,False
24,2,25,4.0,False
25,2,26,4.0,True
26,2,27,1.0,False
27,2,28,1.0,False
28,2,29,1.0,False
29,2,30,1.0,False
30,2,31,4.0,True
31,2,32,5.0,False
32,2,33,1.0,False
33,2,34,4.0,True
34,2,35,4.0,True
35,2,36,1.0,False
36,2,37,5.0,False
37,2,38,1.0,False
38,2,39,4.0,True
39,2,40,1.0,False
40,2,41,5.0,False
41,2,42,1.0,False
42,2,43,4.0,True
43,2,44,1.0,False
44,2,45,5.0,True
45,2,46,1.0,False
46,2,47,4.0,True
47,2,48,1.0,False
48,2,49,3.0,False
49,2,50,3.0,True
50,2,51,3.0,False
51,2,52,3.0,False
52,2,53,4.0,False
53,2,54,3.0,False
54,2,55,3.0,False
55,2,56,3.0,False
56,2,57,3.0,False
57,2,58,3.0,True
58,2,59,3.0,False
59,2,60,3.0,False
60,2,61,3.0,False
61,2,62,3.0,False
62,2,63,3.0,False
63,2,64,3.0,False
64,2,65,3.0,False
65,2,66,3.0,True
66,2,67,2.0,False
67,2,68,3.0,True
68,2,69,2.0,False
69,2,70,4.0,False
70,2,71,4.0,False
71,2,72,2.0,False
72,2,73,2.0,False
73,2,74,2.0,False
74,2,75,2.0,False
75,2,76,2.0,False
76,2,77,2.0,False
77,2,78,3.0,False
78,2,79,3.0,False
79,2,80,1.0,False
80,2,81,5.0,True
81,2,82,5.0,False
82,2,83,2.0,False
83,2,84,4.0,False
84,2,85,2.0,False
85,2,86,4.0,False
86,2,87,4.0,True
87,2,88,4.0,False
88,2,89,2.0,False
89,2,90,1.0,False
90,2,91,1.0,False
91,2,92,1.0,False
92,2,93,4.0,False
93,2,94,3.0,False
94,2,95,1.0,False
95,2,96,4.0,True
96,2,97,1.0,False
97,2,98,1.0,False
98,2,99,5.0,False
99,2,100,1.0,False
100,2,101,3.0,True
101,2,102,4.0,False
102,2,103,4.0,False
103,2,104,2.0,False
104,2,105,1.0,False
105,2,106,5.0,False
106,2,107,1.0,False
107,2,108,4.0,True
108,2,109,1.0,False
109,2,110,1.0,False
110,2,111,1.0,False
111,2,112,4.0,False
112,2,113,1.0,False
113,2,114,3.0,False
114,2,115,1.0,False
115,2,116,4.0,True
116,2,117,1.0,False
117,2,118,4.0,False
118,2,119,3.0,False
119,2,120,1.0,False
120,2,121,1.0,False
121,2,122,4.0,False
122,2,123,4.0,False
123,2,124,3.0,True
124,2,125,1.0,False
125,2,126,1.0,False
126,2,127,1.0,False
127,2,128,1.0,False
128,2,129,4.0,True
129,2,130,4.0,False
130,2,131,1.0,False
131,2,132,1.0,False
132,2,133,5.0,False
133,2,134,1.0,False
134,2,135,1.0,False
135,2,136,1.0,False
136,2,137,4.0,False
137,2,138,4.0,True
138,2,139,1.0,False
139,2,140,1.0,False
140,2,141,1.0,False
141,2,142,1.0,False
142,2,143,5.0,True
143,2,144,1.0,False
144,2,145,1.0,False
145,2,146,5.0,True
146,2,147,1.0,False
147,2,148,1.0,False
148,2,149,1.0,False
149,2,150,1.0,False
150,2,151,4.0,True
151,2,152,1.0,False
152,2,153,1.0,False
153,2,154,5.0,False
154,2,155,1.0,False
155,2,156,1.0,False
156,2,157,1.0,False
157,2,158,1.0,False
158,2,159,1.0,False
159,2,160,4.0,False
0,4,1,1.0,False
1,4,2,1.0,False
2,4,3,3.0,False
3,4,4,1.0,False
4,4,5,3.0,False
5,4,6,1.0,False
6,4,7,3.0,False
7,4,8,1.0,False
8,4,9,1.0,False
9,4,10,1.0,False
10,4,11,1.0,False
11,4,12,1.0,False
12,4,13,1.0,False
13,4,14,1.0,False
14,4,15,1.0,False
15,4,16,1.0,False
16,4,17,1.0,True
17,4,18,1.0,False
18,4,19,4.0,False
19,4,20,1.0,True
20,4,21,2.0,False
21,4,22,4.0,True
22,4,23,5.0,True
23,4,24,2.0,False
24,4,25,5.0,False
25,4,26,4.0,True
26,4,27,2.0,False
27,4,28,4.0,False
28,4,29,4.0,False
29,4,30,,False
30,4,31,5.0,True
31,4,32,4.0,False
32,4,33,3.0,False
33,4,34,5.0,True
34,4,35,5.0,True
35,4,36,2.0,False
36,4,37,5.0,False
37,4,38,1.0,False
38,4,39,5.0,True
39,4,40,1.0,False
40,4,41,5.0,False
41,4,42,3.0,False
42,4,43,5.0,True
43,4,44,1.0,False
44,4,45,5.0,True
45,4,46,3.0,False
46,4,47,3.0,True
47,4,48,1.0,False
48,4,49,1.0,False
49,4,50,1.0,True
50,4,51,1.0,False
51,4,52,4.0,False
52,4,53,4.0,False
53,4,54,1.0,False
54,4,55,1.0,False
55,4,56,3.0,False
56,4,57,1.0,False
57,4,58,1.0,True
58,4,59,3.0,False
59,4,60,4.0,False
60,4,61,4.0,False
61,4,62,4.0,False
62,4,63,4.0,False
63,4,64,3.0,False
64,4,65,3.0,False
65,4,66,4.0,True
66,4,67,2.0,False
67,4,68,2.0,True
68,4,69,4.0,False
69,4,70,4.0,False
70,4,71,3.0,False
71,4,72,3.0,False
72,4,73,4.0,False
73,4,74,2.0,False
74,4,75,4.0,False
75,4,76,3.0,False
76,4,77,2.0,False
77,4,78,2.0,False
78,4,79,3.0,False
79,4,80,2.0,False
80,4,81,,True
81,4,82,1.0,False
82,4,83,2.0,False
83,4,84,1.0,False
84,4,85,1.0,False
85,4,86,5.0,False
86,4,87,2.0,True
87,4,88,3.0,False
88,4,89,4.0,False
89,4,90,1.0,False
90,4,91,5.0,False
91,4,92,1.0,False
92,4,93,4.0,False
93,4,94,3.0,False
94,4,95,3.0,False
95,4,96,4.0,True
96,4,97,2.0,False
97,4,98,3.0,False
98,4,99,5.0,False
99,4,100,,False
100,4,101,5.0,True
101,4,102,5.0,False
102,4,103,4.0,False
103,4,104,3.0,False
104,4,105,3.0,False
105,4,106,3.0,False
106,4,107,3.0,False
107,4,108,5.0,True
108,4,109,,False
109,4,110,1.0,False
110,4,111,2.0,False
111,4,112,5.0,False
112,4,113,2.0,False
113,4,114,2.0,False
114,4,115,1.0,False
115,4,116,4.0,True
116,4,117,1.0,False
117,4,118,2.0,False
118,4,119,1.0,False
119,4,120,2.0,False
120,4,121,2.0,False
121,4,122,3.0,False
122,4,123,5.0,False
123,4,124,4.0,True
124,4,125,2.0,False
125,4,126,1.0,False
126,4,127,1.0,False
127,4,128,1.0,False
128,4,129,4.0,True
129,4,130,3.0,False
130,4,131,5.0,False
131,4,132,3.0,False
132,4,133,2.0,False
133,4,134,1.0,False
134,4,135,1.0,False
135,4,136,1.0,False
136,4,137,5.0,False
137,4,138,2.0,True
138,4,139,4.0,False
139,4,140,1.0,False
140,4,141,1.0,False
141,4,142,4.0,False
142,4,143,3.0,True
143,4,144,2.0,False
144,4,145,3.0,False
145,4,146,5.0,True
146,4,147,3.0,False
147,4,148,5.0,False
148,4,149,3.0,False
149,4,150,1.0,False
150,4,151,3.0,True
151,4,152,3.0,False
152,4,153,1.0,False
153,4,154,5.0,False
154,4,155,4.0,False
155,4,156,2.0,False
156,4,157,1.0,False
157,4,158,1.0,False
158,4,159,1.0,False
159,4,160,2.0,False
0,10,1,3.0,False
1,10,2,3.0,False
2,10,3,4.0,False
3,10,4,3.0,False
4,10,5,1.0,False
5,10,6,2.0,False
6,10,7,3.0,False
7,10,8,3.0,False
8,10,9,2.0,False
9,10,10,4.0,False
10,10,11,2.0,False
11,10,12,1.0,False
12,10,13,2.0,False
13,10,14,1.0,False
14,10,15,3.0,False
15,10,16,3.0,False
16,10,17,2.0,True
17,10,18,1.0,False
18,10,19,3.0,False
19,10,20,3.0,True
20,10,21,2.0,False
21,10,22,4.0,True
22,10,23,5.0,True
23,10,24,4.0,False
24,10,25,3.0,False
25,10,26,4.0,True
26,10,27,2.0,False
27,10,28,4.0,False
28,10,29,1.0,False
29,10,30,3.0,False
30,10,31,4.0,True
31,10,32,3.0,False
32,10,33,2.0,False
33,10,34,4.0,True
34,10,35,5.0,True
35,10,36,2.0,False
36,10,37,2.0,False
37,10,38,2.0,False
38,10,39,4.0,True
39,10,40,3.0,False
40,10,41,4.0,False
41,10,42,2.0,False
42,10,43,4.0,True
43,10,44,2.0,False
44,10,45,3.0,True
45,10,46,2.0,False
46,10,47,4.0,True
47,10,48,1.0,False
48,10,49,2.0,False
49,10,50,2.0,True
50,10,51,1.0,False
51,10,52,3.0,False
52,10,53,4.0,False
53,10,54,2.0,False
54,10,55,1.0,False
55,10,56,4.0,False
56,10,57,1.0,False
57,10,58,5.0,True
58,10,59,4.0,False
59,10,60,2.0,False
60,10,61,1.0,False
61,10,62,1.0,False
62,10,63,4.0,False
63,10,64,3.0,False
64,10,65,1.0,False
65,10,66,3.0,True
66,10,67,2.0,False
67,10,68,3.0,True
68,10,69,2.0,False
69,10,70,3.0,False
70,10,71,1.0,False
71,10,72,1.0,False
72,10,73,1.0,False
73,10,74,4.0,False
74,10,75,4.0,False
75,10,76,1.0,False
76,10,77,2.0,False
77,10,78,2.0,False
78,10,79,2.0,False
79,10,80,3.0,False
80,10,81,4.0,True
81,10,82,3.0,False
82,10,83,2.0,False
83,10,84,1.0,False
84,10,85,1.0,False
85,10,86,3.0,False
86,10,87,3.0,True
87,10,88,4.0,False
88,10,89,2.0,False
89,10,90,1.0,False
90,10,91,1.0,False
91,10,92,3.0,False
92,10,93,3.0,False
93,10,94,2.0,False
94,10,95,2.0,False
95,10,96,3.0,True
96,10,97,2.0,False
97,10,98,2.0,False
98,10,99,4.0,False
99,10,100,2.0,False
100,10,101,5.0,True
101,10,102,1.0,False
102,10,103,4.0,False
103,10,104,3.0,False
104,10,105,2.0,False
105,10,106,2.0,False
106,10,107,3.0,False
107,10,108,2.0,True
108,10,109,1.0,False
109,10,110,2.0,False
110,10,111,2.0,False
111,10,112,4.0,False
112,10,113,3.0,False
113,10,114,3.0,False
114,10,115,1.0,False
115,10,116,2.0,True
116,10,117,2.0,False
117,10,118,3.0,False
118,10,119,4.0,False
119,10,120,1.0,False
120,10,121,2.0,False
121,10,122,4.0,False
122,10,123,3.0,False
123,10,124,3.0,True
124,10,125,2.0,False
125,10,126,1.0,False
126,10,127,2.0,False
127,10,128,3.0,False
128,10,129,4.0,True
129,10,130,2.0,False
130,10,131,1.0,False
131,10,132,1.0,False
132,10,133,3.0,False
133,10,134,4.0,False
134,10,135,2.0,False
135,10,136,3.0,False
136,10,137,3.0,False
137,10,138,4.0,True
138,10,139,3.0,False
139,10,140,2.0,False
140,10,141,1.0,False
141,10,142,2.0,False
142,10,143,3.0,True
143,10,144,2.0,False
144,10,145,1.0,False
145,10,146,2.0,True
146,10,147,1.0,False
147,10,148,2.0,False
148,10,149,2.0,False
149,10,150,2.0,False
150,10,151,3.0,True
151,10,152,2.0,False
152,10,153,1.0,False
153,10,154,4.0,False
154,10,155,1.0,False
155,10,156,1.0,False
156,10,157,2.0,False
157,10,158,1.0,False
158,10,159,2.0,False
159,10,160,4.0,False
0,41,1,5.0,False
1,41,2,1.0,False
2,41,3,5.0,False
3,41,4,1.0,False
4,41,5,1.0,False
5,41,6,1.0,False
6,41,7,1.0,False
7,41,8,5.0,False
8,41,9,3.0,False
9,41,10,3.0,False
10,41,11,3.0,False
11,41,12,3.0,False
12,41,13,2.0,False
13,41,14,2.0,False
14,41,15,2.0,False
15,41,16,1.0,False
16,41,17,1.0,True
17,41,18,5.0,False
18,41,19,1.0,False
19,41,20,5.0,True
20,41,21,1.0,False
21,41,22,5.0,True
22,41,23,1.0,True
23,41,24,1.0,False
24,41,25,5.0,False
25,41,26,1.0,True
26,41,27,1.0,False
27,41,28,1.0,False
28,41,29,1.0,False
29,41,30,1.0,False
30,41,31,5.0,True
31,41,32,5.0,False
32,41,33,1.0,False
33,41,34,4.0,True
34,41,35,1.0,True
35,41,36,1.0,False
36,41,37,4.0,False
37,41,38,1.0,False
38,41,39,4.0,True
39,41,40,2.0,False
40,41,41,5.0,False
41,41,42,1.0,False
42,41,43,4.0,True
43,41,44,1.0,False
44,41,45,4.0,True
45,41,46,1.0,False
46,41,47,4.0,True
47,41,48,1.0,False
48,41,49,1.0,False
49,41,50,5.0,True
50,41,51,5.0,False
51,41,52,1.0,False
52,41,53,1.0,False
53,41,54,5.0,False
54,41,55,1.0,False
55,41,56,1.0,False
56,41,57,1.0,False
57,41,58,2.0,True
58,41,59,1.0,False
59,41,60,1.0,False
60,41,61,4.0,False
61,41,62,4.0,False
62,41,63,4.0,False
63,41,64,4.0,False
64,41,65,3.0,False
65,41,66,2.0,True
66,41,67,1.0,False
67,41,68,4.0,True
68,41,69,1.0,False
69,41,70,1.0,False
70,41,71,4.0,False
71,41,72,2.0,False
72,41,73,1.0,False
73,41,74,1.0,False
74,41,75,4.0,False
75,41,76,4.0,False
76,41,77,,False
77,41,78,1.0,False
78,41,79,1.0,False
79,41,80,1.0,False
80,41,81,5.0,True
81,41,82,5.0,False
82,41,83,3.0,False
83,41,84,2.0,False
84,41,85,1.0,False
85,41,86,1.0,False
86,41,87,2.0,True
87,41,88,4.0,False
88,41,89,1.0,False
89,41,90,1.0,False
90,41,91,1.0,False
91,41,92,1.0,False
92,41,93,2.0,False
93,41,94,1.0,False
94,41,95,1.0,False
95,41,96,2.0,True
96,41,97,5.0,False
97,41,98,1.0,False
98,41,99,4.0,False
99,41,100,1.0,False
100,41,101,4.0,True
101,41,102,1.0,False
102,41,103,,False
103,41,104,2.0,False
104,41,105,1.0,False
105,41,106,4.0,False
106,41,107,1.0,False
107,41,108,4.0,True
108,41,109,1.0,False
109,41,110,2.0,False
110,41,111,1.0,False
111,41,112,4.0,False
112,41,113,1.0,False
113,41,114,1.0,False
114,41,115,4.0,False
115,41,116,1.0,True
116,41,117,4.0,False
117,41,118,1.0,False
118,41,119,1.0,False
119,41,120,1.0,False
120,41,121,1.0,False
121,41,122,1.0,False
122,41,123,1.0,False
123,41,124,5.0,True
124,41,125,1.0,False
125,41,126,4.0,False
126,41,127,1.0,False
127,41,128,3.0,False
128,41,129,1.0,True
129,41,130,4.0,False
130,41,131,1.0,False
131,41,132,1.0,False
132,41,133,4.0,False
133,41,134,4.0,False
134,41,135,1.0,False
135,41,136,1.0,False
136,41,137,4.0,False
137,41,138,5.0,True
138,41,139,1.0,False
139,41,140,1.0,False
140,41,141,4.0,False
141,41,142,1.0,False
142,41,143,1.0,True
143,41,144,1.0,False
144,41,145,1.0,False
145,41,146,1.0,True
146,41,147,1.0,False
147,41,148,1.0,False
148,41,149,1.0,False
149,41,150,1.0,False
150,41,151,5.0,True
151,41,152,1.0,False
152,41,153,4.0,False
153,41,154,5.0,False
154,41,155,1.0,False
155,41,156,1.0,False
156,41,157,2.0,False
157,41,158,1.0,False
158,41,159,1.0,False
159,41,160,4.0,False
0,43,1,3.0,False
1,43,2,3.0,False
2,43,3,3.0,False
3,43,4,3.0,False
4,43,5,3.0,False
5,43,6,3.0,False
6,43,7,,False
7,43,8,2.0,False
8,43,9,2.0,False
9,43,10,2.0,False
10,43,11,1.0,False
11,43,12,1.0,False
12,43,13,1.0,False
13,43,14,1.0,False
14,43,15,1.0,False
15,43,16,1.0,False
16,43,17,1.0,True
17,43,18,1.0,False
18,43,19,1.0,False
19,43,20,1.0,True
20,43,21,1.0,False
21,43,22,4.0,True
22,43,23,4.0,True
23,43,24,1.0,False
24,43,25,4.0,False
25,43,26,4.0,True
26,43,27,1.0,False
27,43,28,1.0,False
28,43,29,1.0,False
29,43,30,1.0,False
30,43,31,4.0,True
31,43,32,5.0,False
32,43,33,1.0,False
33,43,34,4.0,True
34,43,35,4.0,True
35,43,36,2.0,False
36,43,37,4.0,False
37,43,38,2.0,False
38,43,39,4.0,True
39,43,40,1.0,False
40,43,41,5.0,False
41,43,42,1.0,False
42,43,43,4.0,True
43,43,44,1.0,False
44,43,45,4.0,True
45,43,46,1.0,False
46,43,47,5.0,True
47,43,48,1.0,False
48,43,49,3.0,False
49,43,50,3.0,True
50,43,51,4.0,False
51,43,52,,False
52,43,53,4.0,False
53,43,54,3.0,False
54,43,55,3.0,False
55,43,56,2.0,False
56,43,57,2.0,False
57,43,58,3.0,True
58,43,59,2.0,False
59,43,60,2.0,False
60,43,61,4.0,False
61,43,62,3.0,False
62,43,63,4.0,False
63,43,64,3.0,False
64,43,65,3.0,False
65,43,66,4.0,True
66,43,67,3.0,False
67,43,68,4.0,True
68,43,69,1.0,False
69,43,70,2.0,False
70,43,71,4.0,False
71,43,72,3.0,False
72,43,73,1.0,False
73,43,74,1.0,False
74,43,75,3.0,False
75,43,76,,False
76,43,77,1.0,False
77,43,78,3.0,False
78,43,79,2.0,False
79,43,80,3.0,False
80,43,81,3.0,True
81,43,82,2.0,False
82,43,83,2.0,False
83,43,84,4.0,False
84,43,85,1.0,False
85,43,86,2.0,False
86,43,87,5.0,True
87,43,88,5.0,False
88,43,89,2.0,False
89,43,90,2.0,False
90,43,91,2.0,False
91,43,92,1.0,False
92,43,93,5.0,False
93,43,94,1.0,False
94,43,95,1.0,False
95,43,96,3.0,True
96,43,97,1.0,False
97,43,98,1.0,False
98,43,99,4.0,False
99,43,100,1.0,False
100,43,101,4.0,True
101,43,102,1.0,False
102,43,103,1.0,False
103,43,104,1.0,False
104,43,105,1.0,False
105,43,106,4.0,False
106,43,107,1.0,False
107,43,108,4.0,True
108,43,109,1.0,False
109,43,110,1.0,False
110,43,111,1.0,False
111,43,112,5.0,False
112,43,113,1.0,False
113,43,114,1.0,False
114,43,115,3.0,False
115,43,116,4.0,True
116,43,117,1.0,False
117,43,118,1.0,False
118,43,119,1.0,False
119,43,120,1.0,False
120,43,121,1.0,False
121,43,122,5.0,False
122,43,123,1.0,False
123,43,124,5.0,True
124,43,125,1.0,False
125,43,126,1.0,False
126,43,127,1.0,False
127,43,128,1.0,False
128,43,129,4.0,True
129,43,130,4.0,False
130,43,131,4.0,False
131,43,132,1.0,False
132,43,133,4.0,False
133,43,134,1.0,False
134,43,135,1.0,False
135,43,136,1.0,False
136,43,137,4.0,False
137,43,138,4.0,True
138,43,139,1.0,False
139,43,140,1.0,False
140,43,141,1.0,False
141,43,142,1.0,False
142,43,143,4.0,True
143,43,144,1.0,False
144,43,145,1.0,False
145,43,146,4.0,True
146,43,147,3.0,False
147,43,148,1.0,False
148,43,149,1.0,False
149,43,150,1.0,False
150,43,151,5.0,True
151,43,152,1.0,False
152,43,153,2.0,False
153,43,154,5.0,False
154,43,155,1.0,False
155,43,156,1.0,False
156,43,157,2.0,False
157,43,158,1.0,False
158,43,159,1.0,False
159,43,160,4.0,False
0,44,1,,False
1,44,2,2.0,False
2,44,3,3.0,False
3,44,4,2.0,False
4,44,5,4.0,False
5,44,6,2.0,False
6,44,7,3.0,False
7,44,8,4.0,False
8,44,9,2.0,False
9,44,10,3.0,False
10,44,11,3.0,False
11,44,12,4.0,False
12,44,13,2.0,False
13,44,14,4.0,False
14,44,15,3.0,False
15,44,16,2.0,False
16,44,17,,True
17,44,18,4.0,False
18,44,19,2.0,False
19,44,20,,True
20,44,21,3.0,False
21,44,22,4.0,True
22,44,23,2.0,True
23,44,24,1.0,False
24,44,25,4.0,False
25,44,26,4.0,True
26,44,27,2.0,False
27,44,28,1.0,False
28,44,29,3.0,False
29,44,30,1.0,False
30,44,31,4.0,True
31,44,32,5.0,False
32,44,33,2.0,False
33,44,34,4.0,True
34,44,35,4.0,True
35,44,36,3.0,False
36,44,37,4.0,False
37,44,38,3.0,False
38,44,39,5.0,True
39,44,40,1.0,False
40,44,41,5.0,False
41,44,42,4.0,False
42,44,43,4.0,True
43,44,44,1.0,False
44,44,45,5.0,True
45,44,46,1.0,False
46,44,47,4.0,True
47,44,48,2.0,False
48,44,49,5.0,False
49,44,50,2.0,True
50,44,51,1.0,False
51,44,52,2.0,False
52,44,53,5.0,False
53,44,54,3.0,False
54,44,55,3.0,False
55,44,56,5.0,False
56,44,57,4.0,False
57,44,58,4.0,True
58,44,59,1.0,False
59,44,60,5.0,False
60,44,61,4.0,False
61,44,62,3.0,False
62,44,63,5.0,False
63,44,64,1.0,False
64,44,65,4.0,False
65,44,66,3.0,True
66,44,67,4.0,False
67,44,68,4.0,True
68,44,69,5.0,False
69,44,70,5.0,False
70,44,71,4.0,False
71,44,72,3.0,False
72,44,73,2.0,False
73,44,74,1.0,False
74,44,75,3.0,False
75,44,76,4.0,False
76,44,77,4.0,False
77,44,78,3.0,False
78,44,79,4.0,False
79,44,80,1.0,False
80,44,81,5.0,True
81,44,82,2.0,False
82,44,83,3.0,False
83,44,84,4.0,False
84,44,85,2.0,False
85,44,86,5.0,False
86,44,87,3.0,True
87,44,88,5.0,False
88,44,89,4.0,False
89,44,90,1.0,False
90,44,91,4.0,False
91,44,92,1.0,False
92,44,93,5.0,False
93,44,94,4.0,False
94,44,95,3.0,False
95,44,96,2.0,True
96,44,97,1.0,False
97,44,98,1.0,False
98,44,99,5.0,False
99,44,100,4.0,False
100,44,101,4.0,True
101,44,102,4.0,False
102,44,103,2.0,False
103,44,104,1.0,False
104,44,105,2.0,False
105,44,106,5.0,False
106,44,107,4.0,False
107,44,108,4.0,True
108,44,109,2.0,False
109,44,110,2.0,False
110,44,111,1.0,False
111,44,112,5.0,False
112,44,113,4.0,False
113,44,114,2.0,False
114,44,115,1.0,False
115,44,116,3.0,True
116,44,117,2.0,False
117,44,118,2.0,False
118,44,119,2.0,False
119,44,120,3.0,False
120,44,121,2.0,False
121,44,122,3.0,False
122,44,123,4.0,False
123,44,124,5.0,True
124,44,125,3.0,False
125,44,126,1.0,False
126,44,127,1.0,False
127,44,128,2.0,False
128,44,129,3.0,True
129,44,130,5.0,False
130,44,131,3.0,False
131,44,132,3.0,False
132,44,133,5.0,False
133,44,134,3.0,False
134,44,135,4.0,False
135,44,136,2.0,False
136,44,137,4.0,False
137,44,138,2.0,True
138,44,139,4.0,False
139,44,140,1.0,False
140,44,141,1.0,False
141,44,142,2.0,False
142,44,143,2.0,True
143,44,144,4.0,False
144,44,145,4.0,False
145,44,146,4.0,True
146,44,147,2.0,False
147,44,148,4.0,False
148,44,149,2.0,False
149,44,150,2.0,False
150,44,151,5.0,True
151,44,152,3.0,False
152,44,153,4.0,False
153,44,154,5.0,False
154,44,155,,False
155,44,156,4.0,False
156,44,157,1.0,False
157,44,158,5.0,False
158,44,159,1.0,False
159,44,160,,False
0,45,1,3.0,False
1,45,2,3.0,False
2,45,3,3.0,False
3,45,4,3.0,False
4,45,5,3.0,False
5,45,6,2.0,False
6,45,7,2.0,False
7,45,8,2.0,False
8,45,9,1.0,False
9,45,10,1.0,False
10,45,11,1.0,False
11,45,12,1.0,False
12,45,13,1.0,False
13,45,14,1.0,False
14,45,15,1.0,False
15,45,16,1.0,False
16,45,17,1.0,True
17,45,18,1.0,False
18,45,19,2.0,False
19,45,20,1.0,True
20,45,21,1.0,False
21,45,22,2.0,True
22,45,23,3.0,True
23,45,24,1.0,False
24,45,25,4.0,False
25,45,26,3.0,True
26,45,27,1.0,False
27,45,28,1.0,False
28,45,29,1.0,False
29,45,30,1.0,False
30,45,31,4.0,True
31,45,32,3.0,False
32,45,33,1.0,False
33,45,34,3.0,True
34,45,35,5.0,True
35,45,36,1.0,False
36,45,37,3.0,False
37,45,38,1.0,False
38,45,39,5.0,True
39,45,40,1.0,False
40,45,41,5.0,False
41,45,42,1.0,False
42,45,43,3.0,True
43,45,44,1.0,False
44,45,45,4.0,True
45,45,46,1.0,False
46,45,47,4.0,True
47,45,48,1.0,False
48,45,49,4.0,False
49,45,50,4.0,True
50,45,51,3.0,False
51,45,52,2.0,False
52,45,53,5.0,False
53,45,54,3.0,False
54,45,55,3.0,False
55,45,56,2.0,False
56,45,57,1.0,False
57,45,58,3.0,True
58,45,59,1.0,False
59,45,60,,False
60,45,61,3.0,False
61,45,62,1.0,False
62,45,63,3.0,False
63,45,64,3.0,False
64,45,65,3.0,False
65,45,66,3.0,True
66,45,67,2.0,False
67,45,68,4.0,True
68,45,69,1.0,False
69,45,70,1.0,False
70,45,71,3.0,False
71,45,72,1.0,False
72,45,73,1.0,False
73,45,74,1.0,False
74,45,75,1.0,False
75,45,76,1.0,False
76,45,77,1.0,False
77,45,78,1.0,False
78,45,79,1.0,False
79,45,80,1.0,False
80,45,81,4.0,True
81,45,82,1.0,False
82,45,83,1.0,False
83,45,84,3.0,False
84,45,85,1.0,False
85,45,86,1.0,False
86,45,87,3.0,True
87,45,88,5.0,False
88,45,89,1.0,False
89,45,90,1.0,False
90,45,91,1.0,False
91,45,92,1.0,False
92,45,93,3.0,False
93,45,94,1.0,False
94,45,95,1.0,False
95,45,96,3.0,True
96,45,97,1.0,False
97,45,98,1.0,False
98,45,99,4.0,False
99,45,100,1.0,False
100,45,101,1.0,True
101,45,102,1.0,False
102,45,103,1.0,False
103,45,104,1.0,False
104,45,105,1.0,False
105,45,106,3.0,False
106,45,107,1.0,False
107,45,108,4.0,True
108,45,109,1.0,False
109,45,110,1.0,False
110,45,111,1.0,False
111,45,112,4.0,False
112,45,113,1.0,False
113,45,114,1.0,False
114,45,115,3.0,False
115,45,116,3.0,True
116,45,117,2.0,False
117,45,118,1.0,False
118,45,119,1.0,False
119,45,120,1.0,False
120,45,121,1.0,False
121,45,122,3.0,False
122,45,123,1.0,False
123,45,124,4.0,True
124,45,125,1.0,False
125,45,126,1.0,False
126,45,127,1.0,False
127,45,128,1.0,False
128,45,129,3.0,True
129,45,130,4.0,False
130,45,131,1.0,False
131,45,132,1.0,False
132,45,133,4.0,False
133,45,134,1.0,False
134,45,135,1.0,False
135,45,136,1.0,False
136,45,137,3.0,False
137,45,138,3.0,True
138,45,139,1.0,False
139,45,140,1.0,False
140,45,141,1.0,False
141,45,142,1.0,False
142,45,143,3.0,True
143,45,144,1.0,False
144,45,145,1.0,False
145,45,146,3.0,True
146,45,147,1.0,False
147,45,148,1.0,False
148,45,149,1.0,False
149,45,150,1.0,False
150,45,151,4.0,True
151,45,152,1.0,False
152,45,153,1.0,False
153,45,154,2.0,False
154,45,155,1.0,False
155,45,156,1.0,False
156,45,157,1.0,False
157,45,158,1.0,False
158,45,159,1.0,False
159,45,160,3.0,False
0,46,1,1.0,False
1,46,2,3.0,False
2,46,3,4.0,False
3,46,4,4.0,False
4,46,5,,False
5,46,6,3.0,False
6,46,7,5.0,False
7,46,8,1.0,False
8,46,9,4.0,False
9,46,10,2.0,False
10,46,11,1.0,False
11,46,12,4.0,False
12,46,13,4.0,False
13,46,14,1.0,False
14,46,15,5.0,False
15,46,16,3.0,False
16,46,17,2.0,True
17,46,18,5.0,False
18,46,19,5.0,False
19,46,20,2.0,True
20,46,21,1.0,False
21,46,22,5.0,True
22,46,23,2.0,True
23,46,24,5.0,False
24,46,25,5.0,False
25,46,26,1.0,True
26,46,27,5.0,False
27,46,28,2.0,False
28,46,29,3.0,False
29,46,30,5.0,False
30,46,31,4.0,True
31,46,32,3.0,False
32,46,33,4.0,False
33,46,34,3.0,True
34,46,35,4.0,True
35,46,36,4.0,False
36,46,37,4.0,False
37,46,38,3.0,False
38,46,39,5.0,True
39,46,40,2.0,False
40,46,41,1.0,False
41,46,42,5.0,False
42,46,43,3.0,True
43,46,44,4.0,False
44,46,45,4.0,True
45,46,46,5.0,False
46,46,47,2.0,True
47,46,48,5.0,False
48,46,49,3.0,False
49,46,50,1.0,True
50,46,51,4.0,False
51,46,52,1.0,False
52,46,53,4.0,False
53,46,54,3.0,False
54,46,55,3.0,False
55,46,56,4.0,False
56,46,57,1.0,False
57,46,58,4.0,True
58,46,59,3.0,False
59,46,60,4.0,False
60,46,61,2.0,False
61,46,62,5.0,False
62,46,63,5.0,False
63,46,64,3.0,False
64,46,65,1.0,False
65,46,66,5.0,True
66,46,67,3.0,False
67,46,68,1.0,True
68,46,69,4.0,False
69,46,70,,False
70,46,71,1.0,False
71,46,72,4.0,False
72,46,73,1.0,False
73,46,74,2.0,False
74,46,75,5.0,False
75,46,76,1.0,False
76,46,77,2.0,False
77,46,78,1.0,False
78,46,79,1.0,False
79,46,80,4.0,False
80,46,81,4.0,True
81,46,82,1.0,False
82,46,83,2.0,False
83,46,84,2.0,False
84,46,85,1.0,False
85,46,86,4.0,False
86,46,87,1.0,True
87,46,88,4.0,False
88,46,89,3.0,False
89,46,90,4.0,False
90,46,91,3.0,False
91,46,92,2.0,False
92,46,93,4.0,False
93,46,94,4.0,False
94,46,95,1.0,False
95,46,96,3.0,True
96,46,97,4.0,False
97,46,98,1.0,False
98,46,99,5.0,False
99,46,100,1.0,False
100,46,101,4.0,True
101,46,102,5.0,False
102,46,103,4.0,False
103,46,104,3.0,False
104,46,105,1.0,False
105,46,106,4.0,False
106,46,107,4.0,False
107,46,108,5.0,True
108,46,109,2.0,False
109,46,110,4.0,False
110,46,111,1.0,False
111,46,112,4.0,False
112,46,113,4.0,False
113,46,114,1.0,False
114,46,115,5.0,False
115,46,116,,True
116,46,117,4.0,False
117,46,118,2.0,False
118,46,119,5.0,False
119,46,120,1.0,False
120,46,121,3.0,False
121,46,122,4.0,False
122,46,123,4.0,False
123,46,124,1.0,True
124,46,125,3.0,False
125,46,126,4.0,False
126,46,127,5.0,False
127,46,128,1.0,False
128,46,129,5.0,True
129,46,130,4.0,False
130,46,131,5.0,False
131,46,132,1.0,False
132,46,133,2.0,False
133,46,134,4.0,False
134,46,135,4.0,False
135,46,136,4.0,False
136,46,137,4.0,False
137,46,138,2.0,True
138,46,139,5.0,False
139,46,140,3.0,False
140,46,141,4.0,False
141,46,142,2.0,False
142,46,143,4.0,True
143,46,144,5.0,False
144,46,145,4.0,False
145,46,146,2.0,True
146,46,147,5.0,False
147,46,148,2.0,False
148,46,149,2.0,False
149,46,150,4.0,False
150,46,151,2.0,True
151,46,152,4.0,False
152,46,153,5.0,False
153,46,154,2.0,False
154,46,155,1.0,False
155,46,156,1.0,False
156,46,157,4.0,False
157,46,158,1.0,False
158,46,159,4.0,False
159,46,160,2.0,False
0,47,1,3.0,False
1,47,2,4.0,False
2,47,3,,False
3,47,4,4.0,False
4,47,5,2.0,False
5,47,6,3.0,False
6,47,7,2.0,False
7,47,8,3.0,False
8,47,9,4.0,False
9,47,10,2.0,False
10,47,11,3.0,False
11,47,12,2.0,False
12,47,13,2.0,False
13,47,14,2.0,False
14,47,15,3.0,False
15,47,16,4.0,False
16,47,17,3.0,True
17,47,18,2.0,False
18,47,19,3.0,False
19,47,20,3.0,True
20,47,21,2.0,False
21,47,22,4.0,True
22,47,23,2.0,True
23,47,24,3.0,False
24,47,25,4.0,False
25,47,26,5.0,True
26,47,27,2.0,False
27,47,28,2.0,False
28,47,29,2.0,False
29,47,30,2.0,False
30,47,31,4.0,True
31,47,32,5.0,False
32,47,33,3.0,False
33,47,34,4.0,True
34,47,35,4.0,True
35,47,36,2.0,False
36,47,37,4.0,False
37,47,38,1.0,False
38,47,39,4.0,True
39,47,40,2.0,False
40,47,41,5.0,False
41,47,42,2.0,False
42,47,43,4.0,True
43,47,44,1.0,False
44,47,45,,True
45,47,46,2.0,False
46,47,47,4.0,True
47,47,48,1.0,False
48,47,49,3.0,False
49,47,50,3.0,True
50,47,51,4.0,False
51,47,52,3.0,False
52,47,53,3.0,False
53,47,54,2.0,False
54,47,55,3.0,False
55,47,56,2.0,False
56,47,57,1.0,False
57,47,58,4.0,True
58,47,59,1.0,False
59,47,60,1.0,False
60,47,61,5.0,False
61,47,62,3.0,False
62,47,63,4.0,False
63,47,64,2.0,False
64,47,65,2.0,False
65,47,66,4.0,True
66,47,67,2.0,False
67,47,68,4.0,True
68,47,69,2.0,False
69,47,70,2.0,False
70,47,71,4.0,False
71,47,72,2.0,False
72,47,73,1.0,False
73,47,74,1.0,False
74,47,75,2.0,False
75,47,76,2.0,False
76,47,77,3.0,False
77,47,78,2.0,False
78,47,79,2.0,False
79,47,80,3.0,False
80,47,81,4.0,True
81,47,82,2.0,False
82,47,83,2.0,False
83,47,84,5.0,False
84,47,85,1.0,False
85,47,86,1.0,False
86,47,87,4.0,True
87,47,88,4.0,False
88,47,89,4.0,False
89,47,90,1.0,False
90,47,91,4.0,False
91,47,92,1.0,False
92,47,93,4.0,False
93,47,94,1.0,False
94,47,95,1.0,False
95,47,96,4.0,True
96,47,97,4.0,False
97,47,98,2.0,False
98,47,99,4.0,False
99,47,100,1.0,False
100,47,101,4.0,True
101,47,102,1.0,False
102,47,103,2.0,False
103,47,104,2.0,False
104,47,105,1.0,False
105,47,106,4.0,False
106,47,107,1.0,False
107,47,108,4.0,True
108,47,109,1.0,False
109,47,110,4.0,False
110,47,111,1.0,False
111,47,112,3.0,False
112,47,113,1.0,False
113,47,114,2.0,False
114,47,115,2.0,False
115,47,116,4.0,True
116,47,117,2.0,False
117,47,118,1.0,False
118,47,119,1.0,False
119,47,120,1.0,False
120,47,121,1.0,False
121,47,122,4.0,False
122,47,123,1.0,False
123,47,124,4.0,True
124,47,125,1.0,False
125,47,126,1.0,False
126,47,127,1.0,False
127,47,128,1.0,False
128,47,129,4.0,True
129,47,130,4.0,False
130,47,131,4.0,False
131,47,132,1.0,False
132,47,133,3.0,False
133,47,134,1.0,False
134,47,135,1.0,False
135,47,136,1.0,False
136,47,137,4.0,False
137,47,138,3.0,True
138,47,139,1.0,False
139,47,140,1.0,False
140,47,141,1.0,False
141,47,142,1.0,False
142,47,143,4.0,True
143,47,144,1.0,False
144,47,145,1.0,False
145,47,146,4.0,True
146,47,147,4.0,False
147,47,148,2.0,False
148,47,149,1.0,False
149,47,150,1.0,False
150,47,151,4.0,True
151,47,152,1.0,False
152,47,153,1.0,False
153,47,154,4.0,False
154,47,155,1.0,False
155,47,156,1.0,False
156,47,157,2.0,False
157,47,158,1.0,False
158,47,159,1.0,False
159,47,160,4.0,False
0,48,1,4.0,False
1,48,2,3.0,False
2,48,3,3.0,False
3,48,4,3.0,False
4,48,5,2.0,False
5,48,6,3.0,False
6,48,7,2.0,False
7,48,8,2.0,False
8,48,9,2.0,False
9,48,10,2.0,False
10,48,11,3.0,False
11,48,12,3.0,False
12,48,13,1.0,False
13,48,14,3.0,False
14,48,15,2.0,False
15,48,16,1.0,False
16,48,17,1.0,True
17,48,18,3.0,False
18,48,19,4.0,False
19,48,20,3.0,True
20,48,21,3.0,False
21,48,22,4.0,True
22,48,23,4.0,True
23,48,24,2.0,False
24,48,25,5.0,False
25,48,26,4.0,True
26,48,27,2.0,False
27,48,28,2.0,False
28,48,29,2.0,False
29,48,30,2.0,False
30,48,31,5.0,True
31,48,32,5.0,False
32,48,33,2.0,False
33,48,34,4.0,True
34,48,35,5.0,True
35,48,36,1.0,False
36,48,37,5.0,False
37,48,38,1.0,False
38,48,39,5.0,True
39,48,40,1.0,False
40,48,41,5.0,False
41,48,42,1.0,False
42,48,43,5.0,True
43,48,44,1.0,False
44,48,45,4.0,True
45,48,46,1.0,False
46,48,47,5.0,True
47,48,48,1.0,False
48,48,49,3.0,False
49,48,50,3.0,True
50,48,51,2.0,False
51,48,52,2.0,False
52,48,53,4.0,False
53,48,54,3.0,False
54,48,55,3.0,False
55,48,56,3.0,False
56,48,57,3.0,False
57,48,58,2.0,True
58,48,59,2.0,False
59,48,60,4.0,False
60,48,61,4.0,False
61,48,62,3.0,False
62,48,63,2.0,False
63,48,64,2.0,False
64,48,65,3.0,False
65,48,66,4.0,True
66,48,67,2.0,False
67,48,68,2.0,True
68,48,69,5.0,False
69,48,70,4.0,False
70,48,71,2.0,False
71,48,72,3.0,False
72,48,73,2.0,False
73,48,74,2.0,False
74,48,75,1.0,False
75,48,76,2.0,False
76,48,77,4.0,False
77,48,78,4.0,False
78,48,79,2.0,False
79,48,80,1.0,False
80,48,81,2.0,True
81,48,82,4.0,False
82,48,83,3.0,False
83,48,84,5.0,False
84,48,85,2.0,False
85,48,86,4.0,False
86,48,87,5.0,True
87,48,88,4.0,False
88,48,89,1.0,False
89,48,90,1.0,False
90,48,91,1.0,False
91,48,92,1.0,False
92,48,93,5.0,False
93,48,94,4.0,False
94,48,95,1.0,False
95,48,96,4.0,True
96,48,97,1.0,False
97,48,98,5.0,False
98,48,99,4.0,False
99,48,100,5.0,False
100,48,101,2.0,True
101,48,102,4.0,False
102,48,103,1.0,False
103,48,104,1.0,False
104,48,105,5.0,False
105,48,106,5.0,False
106,48,107,5.0,False
107,48,108,3.0,True
108,48,109,2.0,False
109,48,110,1.0,False
110,48,111,1.0,False
111,48,112,2.0,False
112,48,113,1.0,False
113,48,114,1.0,False
114,48,115,1.0,False
115,48,116,5.0,True
116,48,117,1.0,False
117,48,118,1.0,False
118,48,119,1.0,False
119,48,120,1.0,False
120,48,121,4.0,False
121,48,122,5.0,False
122,48,123,3.0,False
123,48,124,3.0,True
124,48,125,4.0,False
125,48,126,1.0,False
126,48,127,1.0,False
127,48,128,1.0,False
128,48,129,5.0,True
129,48,130,3.0,False
130,48,131,5.0,False
131,48,132,1.0,False
132,48,133,2.0,False
133,48,134,1.0,False
134,48,135,1.0,False
135,48,136,1.0,False
136,48,137,5.0,False
137,48,138,4.0,True
138,48,139,2.0,False
139,48,140,1.0,False
140,48,141,1.0,False
141,48,142,5.0,False
142,48,143,5.0,True
143,48,144,5.0,False
144,48,145,4.0,False
145,48,146,5.0,True
146,48,147,2.0,False
147,48,148,3.0,False
148,48,149,4.0,False
149,48,150,1.0,False
150,48,151,4.0,True
151,48,152,2.0,False
152,48,153,1.0,False
153,48,154,4.0,False
154,48,155,1.0,False
155,48,156,1.0,False
156,48,157,1.0,False
157,48,158,1.0,False
158,48,159,1.0,False
159,48,160,5.0,False
0,49,1,1.0,False
1,49,2,1.0,False
2,49,3,2.0,False
3,49,4,2.0,False
4,49,5,2.0,False
5,49,6,2.0,False
6,49,7,1.0,False
7,49,8,1.0,False
8,49,9,2.0,False
9,49,10,3.0,False
10,49,11,1.0,False
11,49,12,2.0,False
12,49,13,2.0,False
13,49,14,2.0,False
14,49,15,1.0,False
15,49,16,3.0,False
16,49,17,2.0,True
17,49,18,2.0,False
18,49,19,2.0,False
19,49,20,1.0,True
20,49,21,1.0,False
21,49,22,3.0,True
22,49,23,4.0,True
23,49,24,1.0,False
24,49,25,5.0,False
25,49,26,3.0,True
26,49,27,1.0,False
27,49,28,3.0,False
28,49,29,1.0,False
29,49,30,3.0,False
30,49,31,3.0,True
31,49,32,5.0,False
32,49,33,1.0,False
33,49,34,3.0,True
34,49,35,4.0,True
35,49,36,1.0,False
36,49,37,4.0,False
37,49,38,1.0,False
38,49,39,4.0,True
39,49,40,1.0,False
40,49,41,5.0,False
41,49,42,1.0,False
42,49,43,3.0,True
43,49,44,1.0,False
44,49,45,4.0,True
45,49,46,1.0,False
46,49,47,3.0,True
47,49,48,1.0,False
48,49,49,1.0,False
49,49,50,4.0,True
50,49,51,,False
51,49,52,2.0,False
52,49,53,4.0,False
53,49,54,,False
54,49,55,4.0,False
55,49,56,1.0,False
56,49,57,1.0,False
57,49,58,3.0,True
58,49,59,1.0,False
59,49,60,1.0,False
60,49,61,4.0,False
61,49,62,4.0,False
62,49,63,4.0,False
63,49,64,3.0,False
64,49,65,3.0,False
65,49,66,3.0,True
66,49,67,1.0,False
67,49,68,3.0,True
68,49,69,1.0,False
69,49,70,1.0,False
70,49,71,1.0,False
71,49,72,1.0,False
72,49,73,1.0,False
73,49,74,1.0,False
74,49,75,1.0,False
75,49,76,1.0,False
76,49,77,4.0,False
77,49,78,3.0,False
78,49,79,1.0,False
79,49,80,4.0,False
80,49,81,4.0,True
81,49,82,1.0,False
82,49,83,1.0,False
83,49,84,,False
84,49,85,1.0,False
85,49,86,1.0,False
86,49,87,3.0,True
87,49,88,4.0,False
88,49,89,3.0,False
89,49,90,1.0,False
90,49,91,3.0,False
91,49,92,1.0,False
92,49,93,3.0,False
93,49,94,1.0,False
94,49,95,1.0,False
95,49,96,3.0,True
96,49,97,1.0,False
97,49,98,1.0,False
98,49,99,5.0,False
99,49,100,1.0,False
100,49,101,3.0,True
101,49,102,1.0,False
102,49,103,1.0,False
103,49,104,1.0,False
104,49,105,1.0,False
105,49,106,3.0,False
106,49,107,1.0,False
107,49,108,4.0,True
108,49,109,1.0,False
109,49,110,3.0,False
110,49,111,1.0,False
111,49,112,4.0,False
112,49,113,1.0,False
113,49,114,1.0,False
114,49,115,3.0,False
115,49,116,3.0,True
116,49,117,1.0,False
117,49,118,1.0,False
118,49,119,1.0,False
119,49,120,1.0,False
120,49,121,5.0,False
121,49,122,3.0,False
122,49,123,1.0,False
123,49,124,4.0,True
124,49,125,1.0,False
125,49,126,4.0,False
126,49,127,1.0,False
127,49,128,1.0,False
128,49,129,4.0,True
129,49,130,5.0,False
130,49,131,1.0,False
131,49,132,1.0,False
132,49,133,3.0,False
133,49,134,1.0,False
134,49,135,1.0,False
135,49,136,1.0,False
136,49,137,3.0,False
137,49,138,1.0,True
138,49,139,1.0,False
139,49,140,1.0,False
140,49,141,1.0,False
141,49,142,1.0,False
142,49,143,4.0,True
143,49,144,1.0,False
144,49,145,1.0,False
145,49,146,4.0,True
146,49,147,4.0,False
147,49,148,3.0,False
148,49,149,1.0,False
149,49,150,1.0,False
150,49,151,3.0,True
151,49,152,1.0,False
152,49,153,1.0,False
153,49,154,5.0,False
154,49,155,1.0,False
155,49,156,1.0,False
156,49,157,3.0,False
157,49,158,1.0,False
158,49,159,1.0,False
159,49,160,3.0,False
0,50,1,1.0,False
1,50,2,3.0,False
2,50,3,2.0,False
3,50,4,3.0,False
4,50,5,1.0,False
5,50,6,3.0,False
6,50,7,2.0,False
7,50,8,2.0,False
8,50,9,4.0,False
9,50,10,2.0,False
10,50,11,2.0,False
11,50,12,1.0,False
12,50,13,2.0,False
13,50,14,1.0,False
14,50,15,4.0,False
15,50,16,5.0,False
16,50,17,,True
17,50,18,1.0,False
18,50,19,4.0,False
19,50,20,3.0,True
20,50,21,1.0,False
21,50,22,4.0,True
22,50,23,4.0,True
23,50,24,4.0,False
24,50,25,2.0,False
25,50,26,2.0,True
26,50,27,1.0,False
27,50,28,3.0,False
28,50,29,2.0,False
29,50,30,5.0,False
30,50,31,2.0,True
31,50,32,3.0,False
32,50,33,4.0,False
33,50,34,1.0,True
34,50,35,3.0,True
35,50,36,1.0,False
36,50,37,3.0,False
37,50,38,1.0,False
38,50,39,4.0,True
39,50,40,5.0,False
40,50,41,2.0,False
41,50,42,2.0,False
42,50,43,4.0,True
43,50,44,5.0,False
44,50,45,3.0,True
45,50,46,2.0,False
46,50,47,3.0,True
47,50,48,1.0,False
48,50,49,2.0,False
49,50,50,2.0,True
50,50,51,1.0,False
51,50,52,2.0,False
52,50,53,3.0,False
53,50,54,2.0,False
54,50,55,3.0,False
55,50,56,2.0,False
56,50,57,1.0,False
57,50,58,4.0,True
58,50,59,5.0,False
59,50,60,1.0,False
60,50,61,4.0,False
61,50,62,1.0,False
62,50,63,3.0,False
63,50,64,3.0,False
64,50,65,1.0,False
65,50,66,3.0,True
66,50,67,4.0,False
67,50,68,3.0,True
68,50,69,1.0,False
69,50,70,5.0,False
70,50,71,4.0,False
71,50,72,2.0,False
72,50,73,1.0,False
73,50,74,5.0,False
74,50,75,3.0,False
75,50,76,2.0,False
76,50,77,2.0,False
77,50,78,1.0,False
78,50,79,1.0,False
79,50,80,3.0,False
80,50,81,4.0,True
81,50,82,5.0,False
82,50,83,1.0,False
83,50,84,2.0,False
84,50,85,1.0,False
85,50,86,5.0,False
86,50,87,3.0,True
87,50,88,4.0,False
88,50,89,2.0,False
89,50,90,4.0,False
90,50,91,1.0,False
91,50,92,5.0,False
92,50,93,3.0,False
93,50,94,2.0,False
94,50,95,4.0,False
95,50,96,5.0,True
96,50,97,3.0,False
97,50,98,2.0,False
98,50,99,2.0,False
99,50,100,3.0,False
100,50,101,4.0,True
101,50,102,5.0,False
102,50,103,2.0,False
103,50,104,2.0,False
104,50,105,1.0,False
105,50,106,4.0,False
106,50,107,2.0,False
107,50,108,4.0,True
108,50,109,2.0,False
109,50,110,3.0,False
110,50,111,5.0,False
111,50,112,5.0,False
112,50,113,,False
113,50,114,4.0,False
114,50,115,4.0,False
115,50,116,5.0,True
116,50,117,2.0,False
117,50,118,5.0,False
118,50,119,2.0,False
119,50,120,3.0,False
120,50,121,1.0,False
121,50,122,3.0,False
122,50,123,4.0,False
123,50,124,2.0,True
124,50,125,5.0,False
125,50,126,2.0,False
126,50,127,4.0,False
127,50,128,3.0,False
128,50,129,2.0,True
129,50,130,4.0,False
130,50,131,1.0,False
131,50,132,1.0,False
132,50,133,4.0,False
133,50,134,4.0,False
134,50,135,2.0,False
135,50,136,4.0,False
136,50,137,4.0,False
137,50,138,3.0,True
138,50,139,5.0,False
139,50,140,4.0,False
140,50,141,3.0,False
141,50,142,2.0,False
142,50,143,4.0,True
143,50,144,2.0,False
144,50,145,1.0,False
145,50,146,4.0,True
146,50,147,2.0,False
147,50,148,3.0,False
148,50,149,1.0,False
149,50,150,4.0,False
150,50,151,5.0,True
151,50,152,2.0,False
152,50,153,3.0,False
153,50,154,4.0,False
154,50,155,4.0,False
155,50,156,2.0,False
156,50,157,4.0,False
157,50,158,2.0,False
158,50,159,3.0,False
159,50,160,4.0,False
0,51,1,,False
1,51,2,3.0,False
2,51,3,3.0,False
3,51,4,3.0,False
4,51,5,3.0,False
5,51,6,3.0,False
6,51,7,2.0,False
7,51,8,2.0,False
8,51,9,1.0,False
9,51,10,1.0,False
10,51,11,1.0,False
11,51,12,1.0,False
12,51,13,1.0,False
13,51,14,1.0,False
14,51,15,1.0,False
15,51,16,1.0,False
16,51,17,1.0,True
17,51,18,1.0,False
18,51,19,2.0,False
19,51,20,1.0,True
20,51,21,1.0,False
21,51,22,3.0,True
22,51,23,3.0,True
23,51,24,1.0,False
24,51,25,4.0,False
25,51,26,4.0,True
26,51,27,1.0,False
27,51,28,1.0,False
28,51,29,1.0,False
29,51,30,1.0,False
30,51,31,,True
31,51,32,5.0,False
32,51,33,1.0,False
33,51,34,5.0,True
34,51,35,4.0,True
35,51,36,1.0,False
36,51,37,,False
37,51,38,1.0,False
38,51,39,4.0,True
39,51,40,1.0,False
40,51,41,4.0,False
41,51,42,,False
42,51,43,4.0,True
43,51,44,1.0,False
44,51,45,4.0,True
45,51,46,1.0,False
46,51,47,4.0,True
47,51,48,1.0,False
48,51,49,,False
49,51,50,3.0,True
50,51,51,3.0,False
51,51,52,2.0,False
52,51,53,4.0,False
53,51,54,1.0,False
54,51,55,3.0,False
55,51,56,3.0,False
56,51,57,1.0,False
57,51,58,3.0,True
58,51,59,1.0,False
59,51,60,4.0,False
60,51,61,3.0,False
61,51,62,1.0,False
62,51,63,4.0,False
63,51,64,1.0,False
64,51,65,1.0,False
65,51,66,4.0,True
66,51,67,4.0,False
67,51,68,1.0,True
68,51,69,4.0,False
69,51,70,4.0,False
70,51,71,1.0,False
71,51,72,1.0,False
72,51,73,1.0,False
73,51,74,1.0,False
74,51,75,,False
75,51,76,1.0,False
76,51,77,2.0,False
77,51,78,1.0,False
78,51,79,1.0,False
79,51,80,1.0,False
80,51,81,4.0,True
81,51,82,,False
82,51,83,2.0,False
83,51,84,4.0,False
84,51,85,1.0,False
85,51,86,4.0,False
86,51,87,3.0,True
87,51,88,3.0,False
88,51,89,1.0,False
89,51,90,1.0,False
90,51,91,1.0,False
91,51,92,1.0,False
92,51,93,4.0,False
93,51,94,1.0,False
94,51,95,1.0,False
95,51,96,3.0,True
96,51,97,1.0,False
97,51,98,1.0,False
98,51,99,3.0,False
99,51,100,1.0,False
100,51,101,4.0,True
101,51,102,1.0,False
102,51,103,1.0,False
103,51,104,1.0,False
104,51,105,3.0,False
105,51,106,4.0,False
106,51,107,2.0,False
107,51,108,,True
108,51,109,1.0,False
109,51,110,4.0,False
110,51,111,1.0,False
111,51,112,4.0,False
112,51,113,1.0,False
113,51,114,1.0,False
114,51,115,1.0,False
115,51,116,2.0,True
116,51,117,1.0,False
117,51,118,4.0,False
118,51,119,1.0,False
119,51,120,3.0,False
120,51,121,1.0,False
121,51,122,4.0,False
122,51,123,1.0,False
123,51,124,4.0,True
124,51,125,3.0,False
125,51,126,1.0,False
126,51,127,1.0,False
127,51,128,1.0,False
128,51,129,3.0,True
129,51,130,4.0,False
130,51,131,1.0,False
131,51,132,1.0,False
132,51,133,3.0,False
133,51,134,1.0,False
134,51,135,1.0,False
135,51,136,1.0,False
136,51,137,3.0,False
137,51,138,3.0,True
138,51,139,1.0,False
139,51,140,1.0,False
140,51,141,1.0,False
141,51,142,1.0,False
142,51,143,4.0,True
143,51,144,1.0,False
144,51,145,1.0,False
145,51,146,3.0,True
146,51,147,1.0,False
147,51,148,3.0,False
148,51,149,2.0,False
149,51,150,1.0,False
150,51,151,4.0,True
151,51,152,1.0,False
152,51,153,3.0,False
153,51,154,4.0,False
154,51,155,1.0,False
155,51,156,1.0,False
156,51,157,1.0,False
157,51,158,1.0,False
158,51,159,1.0,False
159,51,160,3.0,False
0,52,1,,False
1,52,2,3.0,False
2,52,3,3.0,False
3,52,4,3.0,False
4,52,5,3.0,False
5,52,6,3.0,False
6,52,7,2.0,False
7,52,8,2.0,False
8,52,9,2.0,False
9,52,10,2.0,False
10,52,11,2.0,False
11,52,12,2.0,False
12,52,13,1.0,False
13,52,14,1.0,False
14,52,15,1.0,False
15,52,16,1.0,False
16,52,17,1.0,True
17,52,18,1.0,False
18,52,19,1.0,False
19,52,20,1.0,True
20,52,21,1.0,False
21,52,22,1.0,True
22,52,23,2.0,True
23,52,24,1.0,False
24,52,25,3.0,False
25,52,26,2.0,True
26,52,27,1.0,False
27,52,28,1.0,False
28,52,29,1.0,False
29,52,30,1.0,False
30,52,31,3.0,True
31,52,32,3.0,False
32,52,33,1.0,False
33,52,34,3.0,True
34,52,35,4.0,True
35,52,36,1.0,False
36,52,37,1.0,False
37,52,38,1.0,False
38,52,39,4.0,True
39,52,40,1.0,False
40,52,41,5.0,False
41,52,42,1.0,False
42,52,43,4.0,True
43,52,44,1.0,False
44,52,45,5.0,True
45,52,46,1.0,False
46,52,47,5.0,True
47,52,48,1.0,False
48,52,49,,False
49,52,50,3.0,True
50,52,51,3.0,False
51,52,52,2.0,False
52,52,53,4.0,False
53,52,54,3.0,False
54,52,55,3.0,False
55,52,56,2.0,False
56,52,57,3.0,False
57,52,58,3.0,True
58,52,59,2.0,False
59,52,60,3.0,False
60,52,61,4.0,False
61,52,62,3.0,False
62,52,63,4.0,False
63,52,64,2.0,False
64,52,65,2.0,False
65,52,66,2.0,True
66,52,67,2.0,False
67,52,68,3.0,True
68,52,69,2.0,False
69,52,70,2.0,False
70,52,71,3.0,False
71,52,72,,False
72,52,73,1.0,False
73,52,74,1.0,False
74,52,75,1.0,False
75,52,76,3.0,False
76,52,77,1.0,False
77,52,78,2.0,False
78,52,79,3.0,False
79,52,80,1.0,False
80,52,81,4.0,True
81,52,82,1.0,False
82,52,83,2.0,False
83,52,84,2.0,False
84,52,85,1.0,False
85,52,86,1.0,False
86,52,87,2.0,True
87,52,88,5.0,False
88,52,89,3.0,False
89,52,90,1.0,False
90,52,91,3.0,False
91,52,92,1.0,False
92,52,93,2.0,False
93,52,94,,False
94,52,95,1.0,False
95,52,96,2.0,True
96,52,97,1.0,False
97,52,98,2.0,False
98,52,99,4.0,False
99,52,100,3.0,False
100,52,101,3.0,True
101,52,102,1.0,False
102,52,103,1.0,False
103,52,104,1.0,False
104,52,105,3.0,False
105,52,106,2.0,False
106,52,107,3.0,False
107,52,108,4.0,True
108,52,109,3.0,False
109,52,110,1.0,False
110,52,111,1.0,False
111,52,112,4.0,False
112,52,113,1.0,False
113,52,114,1.0,False
114,52,115,1.0,False
115,52,116,2.0,True
116,52,117,1.0,False
117,52,118,1.0,False
118,52,119,1.0,False
119,52,120,1.0,False
120,52,121,1.0,False
121,52,122,3.0,False
122,52,123,4.0,False
123,52,124,4.0,True
124,52,125,,False
125,52,126,1.0,False
126,52,127,1.0,False
127,52,128,1.0,False
128,52,129,,True
129,52,130,4.0,False
130,52,131,1.0,False
131,52,132,1.0,False
132,52,133,4.0,False
133,52,134,1.0,False
134,52,135,1.0,False
135,52,136,1.0,False
136,52,137,2.0,False
137,52,138,3.0,True
138,52,139,1.0,False
139,52,140,1.0,False
140,52,141,1.0,False
141,52,142,,False
142,52,143,3.0,True
143,52,144,,False
144,52,145,2.0,False
145,52,146,3.0,True
146,52,147,1.0,False
147,52,148,1.0,False
148,52,149,1.0,False
149,52,150,1.0,False
150,52,151,4.0,True
151,52,152,3.0,False
152,52,153,1.0,False
153,52,154,4.0,False
154,52,155,1.0,False
155,52,156,3.0,False
156,52,157,1.0,False
157,52,158,1.0,False
158,52,159,1.0,False
159,52,160,3.0,False
0,53,1,4.0,False
1,53,2,3.0,False
2,53,3,3.0,False
3,53,4,3.0,False
4,53,5,2.0,False
5,53,6,2.0,False
6,53,7,3.0,False
7,53,8,3.0,False
8,53,9,1.0,False
9,53,10,2.0,False
10,53,11,3.0,False
11,53,12,2.0,False
12,53,13,2.0,False
13,53,14,1.0,False
14,53,15,,False
15,53,16,1.0,False
16,53,17,2.0,True
17,53,18,2.0,False
18,53,19,4.0,False
19,53,20,2.0,True
20,53,21,1.0,False
21,53,22,4.0,True
22,53,23,2.0,True
23,53,24,2.0,False
24,53,25,3.0,False
25,53,26,4.0,True
26,53,27,2.0,False
27,53,28,4.0,False
28,53,29,2.0,False
29,53,30,4.0,False
30,53,31,3.0,True
31,53,32,5.0,False
32,53,33,2.0,False
33,53,34,4.0,True
34,53,35,2.0,True
35,53,36,3.0,False
36,53,37,5.0,False
37,53,38,2.0,False
38,53,39,2.0,True
39,53,40,2.0,False
40,53,41,3.0,False
41,53,42,3.0,False
42,53,43,5.0,True
43,53,44,4.0,False
44,53,45,2.0,True
45,53,46,3.0,False
46,53,47,5.0,True
47,53,48,1.0,False
48,53,49,2.0,False
49,53,50,4.0,True
50,53,51,3.0,False
51,53,52,2.0,False
52,53,53,4.0,False
53,53,54,2.0,False
54,53,55,3.0,False
55,53,56,1.0,False
56,53,57,2.0,False
57,53,58,5.0,True
58,53,59,1.0,False
59,53,60,1.0,False
60,53,61,5.0,False
61,53,62,2.0,False
62,53,63,3.0,False
63,53,64,2.0,False
64,53,65,1.0,False
65,53,66,5.0,True
66,53,67,3.0,False
67,53,68,4.0,True
68,53,69,1.0,False
69,53,70,2.0,False
70,53,71,5.0,False
71,53,72,2.0,False
72,53,73,1.0,False
73,53,74,2.0,False
74,53,75,4.0,False
75,53,76,2.0,False
76,53,77,4.0,False
77,53,78,1.0,False
78,53,79,1.0,False
79,53,80,4.0,False
80,53,81,3.0,True
81,53,82,1.0,False
82,53,83,2.0,False
83,53,84,5.0,False
84,53,85,1.0,False
85,53,86,3.0,False
86,53,87,5.0,True
87,53,88,4.0,False
88,53,89,2.0,False
89,53,90,1.0,False
90,53,91,4.0,False
91,53,92,1.0,False
92,53,93,5.0,False
93,53,94,1.0,False
94,53,95,1.0,False
95,53,96,4.0,True
96,53,97,4.0,False
97,53,98,1.0,False
98,53,99,3.0,False
99,53,100,1.0,False
100,53,101,3.0,True
101,53,102,2.0,False
102,53,103,1.0,False
103,53,104,1.0,False
104,53,105,1.0,False
105,53,106,3.0,False
106,53,107,1.0,False
107,53,108,4.0,True
108,53,109,1.0,False
109,53,110,2.0,False
110,53,111,1.0,False
111,53,112,4.0,False
112,53,113,1.0,False
113,53,114,1.0,False
114,53,115,2.0,False
115,53,116,3.0,True
116,53,117,1.0,False
117,53,118,1.0,False
118,53,119,1.0,False
119,53,120,1.0,False
120,53,121,2.0,False
121,53,122,3.0,False
122,53,123,1.0,False
123,53,124,4.0,True
124,53,125,2.0,False
125,53,126,3.0,False
126,53,127,2.0,False
127,53,128,1.0,False
128,53,129,4.0,True
129,53,130,4.0,False
130,53,131,3.0,False
131,53,132,1.0,False
132,53,133,5.0,False
133,53,134,3.0,False
134,53,135,1.0,False
135,53,136,1.0,False
136,53,137,5.0,False
137,53,138,1.0,True
138,53,139,3.0,False
139,53,140,3.0,False
140,53,141,1.0,False
141,53,142,1.0,False
142,53,143,5.0,True
143,53,144,1.0,False
144,53,145,1.0,False
145,53,146,5.0,True
146,53,147,3.0,False
147,53,148,1.0,False
148,53,149,1.0,False
149,53,150,1.0,False
150,53,151,4.0,True
151,53,152,1.0,False
152,53,153,4.0,False
153,53,154,4.0,False
154,53,155,1.0,False
155,53,156,3.0,False
156,53,157,1.0,False
157,53,158,2.0,False
158,53,159,1.0,False
159,53,160,5.0,False
0,54,1,,False
1,54,2,3.0,False
2,54,3,3.0,False
3,54,4,4.0,False
4,54,5,2.0,False
5,54,6,3.0,False
6,54,7,3.0,False
7,54,8,2.0,False
8,54,9,2.0,False
9,54,10,2.0,False
10,54,11,1.0,False
11,54,12,1.0,False
12,54,13,1.0,False
13,54,14,1.0,False
14,54,15,1.0,False
15,54,16,2.0,False
16,54,17,1.0,True
17,54,18,2.0,False
18,54,19,2.0,False
19,54,20,2.0,True
20,54,21,2.0,False
21,54,22,4.0,True
22,54,23,5.0,True
23,54,24,3.0,False
24,54,25,5.0,False
25,54,26,5.0,True
26,54,27,2.0,False
27,54,28,2.0,False
28,54,29,2.0,False
29,54,30,2.0,False
30,54,31,5.0,True
31,54,32,5.0,False
32,54,33,2.0,False
33,54,34,5.0,True
34,54,35,5.0,True
35,54,36,2.0,False
36,54,37,5.0,False
37,54,38,2.0,False
38,54,39,5.0,True
39,54,40,1.0,False
40,54,41,5.0,False
41,54,42,1.0,False
42,54,43,5.0,True
43,54,44,1.0,False
44,54,45,5.0,True
45,54,46,,False
46,54,47,5.0,True
47,54,48,1.0,False
48,54,49,4.0,False
49,54,50,5.0,True
50,54,51,2.0,False
51,54,52,3.0,False
52,54,53,5.0,False
53,54,54,3.0,False
54,54,55,2.0,False
55,54,56,3.0,False
56,54,57,1.0,False
57,54,58,5.0,True
58,54,59,1.0,False
59,54,60,2.0,False
60,54,61,5.0,False
61,54,62,2.0,False
62,54,63,5.0,False
63,54,64,2.0,False
64,54,65,2.0,False
65,54,66,5.0,True
66,54,67,4.0,False
67,54,68,5.0,True
68,54,69,3.0,False
69,54,70,2.0,False
70,54,71,5.0,False
71,54,72,2.0,False
72,54,73,1.0,False
73,54,74,1.0,False
74,54,75,1.0,False
75,54,76,,False
76,54,77,1.0,False
77,54,78,,False
78,54,79,3.0,False
79,54,80,1.0,False
80,54,81,5.0,True
81,54,82,1.0,False
82,54,83,1.0,False
83,54,84,5.0,False
84,54,85,1.0,False
85,54,86,4.0,False
86,54,87,5.0,True
87,54,88,5.0,False
88,54,89,1.0,False
89,54,90,1.0,False
90,54,91,1.0,False
91,54,92,1.0,False
92,54,93,5.0,False
93,54,94,4.0,False
94,54,95,1.0,False
95,54,96,5.0,True
96,54,97,1.0,False
97,54,98,2.0,False
98,54,99,5.0,False
99,54,100,1.0,False
100,54,101,5.0,True
101,54,102,1.0,False
102,54,103,1.0,False
103,54,104,1.0,False
104,54,105,1.0,False
105,54,106,5.0,False
106,54,107,3.0,False
107,54,108,5.0,True
108,54,109,1.0,False
109,54,110,1.0,False
110,54,111,1.0,False
111,54,112,5.0,False
112,54,113,,False
113,54,114,3.0,False
114,54,115,1.0,False
115,54,116,5.0,True
116,54,117,1.0,False
117,54,118,1.0,False
118,54,119,1.0,False
119,54,120,1.0,False
120,54,121,1.0,False
121,54,122,5.0,False
122,54,123,2.0,False
123,54,124,5.0,True
124,54,125,1.0,False
125,54,126,1.0,False
126,54,127,1.0,False
127,54,128,,False
128,54,129,5.0,True
129,54,130,,False
130,54,131,2.0,False
131,54,132,1.0,False
132,54,133,5.0,False
133,54,134,2.0,False
134,54,135,1.0,False
135,54,136,,False
136,54,137,5.0,False
137,54,138,5.0,True
138,54,139,1.0,False
139,54,140,1.0,False
140,54,141,1.0,False
141,54,142,1.0,False
142,54,143,5.0,True
143,54,144,1.0,False
144,54,145,1.0,False
145,54,146,5.0,True
146,54,147,1.0,False
147,54,148,3.0,False
148,54,149,1.0,False
149,54,150,1.0,False
150,54,151,5.0,True
151,54,152,1.0,False
152,54,153,1.0,False
153,54,154,5.0,False
154,54,155,1.0,False
155,54,156,1.0,False
156,54,157,1.0,False
157,54,158,1.0,False
158,54,159,1.0,False
159,54,160,5.0,False
0,55,1,3.0,False
1,55,2,3.0,False
2,55,3,3.0,False
3,55,4,3.0,False
4,55,5,1.0,False
5,55,6,,False
6,55,7,1.0,False
7,55,8,1.0,False
8,55,9,1.0,False
9,55,10,1.0,False
10,55,11,1.0,False
11,55,12,3.0,False
12,55,13,1.0,False
13,55,14,,False
14,55,15,1.0,False
15,55,16,1.0,False
16,55,17,1.0,True
17,55,18,3.0,False
18,55,19,1.0,False
19,55,20,1.0,True
20,55,21,1.0,False
21,55,22,4.0,True
22,55,23,4.0,True
23,55,24,1.0,False
24,55,25,,False
25,55,26,4.0,True
26,55,27,1.0,False
27,55,28,1.0,False
28,55,29,1.0,False
29,55,30,1.0,False
30,55,31,5.0,True
31,55,32,5.0,False
32,55,33,1.0,False
33,55,34,3.0,True
34,55,35,5.0,True
35,55,36,1.0,False
36,55,37,4.0,False
37,55,38,1.0,False
38,55,39,5.0,True
39,55,40,1.0,False
40,55,41,5.0,False
41,55,42,1.0,False
42,55,43,4.0,True
43,55,44,1.0,False
44,55,45,5.0,True
45,55,46,1.0,False
46,55,47,4.0,True
47,55,48,1.0,False
48,55,49,3.0,False
49,55,50,3.0,True
50,55,51,3.0,False
51,55,52,1.0,False
52,55,53,4.0,False
53,55,54,,False
54,55,55,3.0,False
55,55,56,3.0,False
56,55,57,1.0,False
57,55,58,3.0,True
58,55,59,2.0,False
59,55,60,4.0,False
60,55,61,4.0,False
61,55,62,1.0,False
62,55,63,4.0,False
63,55,64,1.0,False
64,55,65,1.0,False
65,55,66,4.0,True
66,55,67,1.0,False
67,55,68,3.0,True
68,55,69,3.0,False
69,55,70,4.0,False
70,55,71,5.0,False
71,55,72,1.0,False
72,55,73,1.0,False
73,55,74,1.0,False
74,55,75,1.0,False
75,55,76,1.0,False
76,55,77,1.0,False
77,55,78,1.0,False
78,55,79,3.0,False
79,55,80,1.0,False
80,55,81,3.0,True
81,55,82,1.0,False
82,55,83,1.0,False
83,55,84,5.0,False
84,55,85,1.0,False
85,55,86,4.0,False
86,55,87,3.0,True
87,55,88,3.0,False
88,55,89,1.0,False
89,55,90,1.0,False
90,55,91,1.0,False
91,55,92,1.0,False
92,55,93,4.0,False
93,55,94,3.0,False
94,55,95,1.0,False
95,55,96,4.0,True
96,55,97,1.0,False
97,55,98,1.0,False
98,55,99,3.0,False
99,55,100,1.0,False
100,55,101,2.0,True
101,55,102,3.0,False
102,55,103,1.0,False
103,55,104,1.0,False
104,55,105,1.0,False
105,55,106,4.0,False
106,55,107,4.0,False
107,55,108,4.0,True
108,55,109,1.0,False
109,55,110,1.0,False
110,55,111,1.0,False
111,55,112,3.0,False
112,55,113,1.0,False
113,55,114,1.0,False
114,55,115,1.0,False
115,55,116,3.0,True
116,55,117,1.0,False
117,55,118,2.0,False
118,55,119,1.0,False
119,55,120,1.0,False
120,55,121,1.0,False
121,55,122,5.0,False
122,55,123,3.0,False
123,55,124,4.0,True
124,55,125,4.0,False
125,55,126,1.0,False
126,55,127,1.0,False
127,55,128,1.0,False
128,55,129,4.0,True
129,55,130,3.0,False
130,55,131,1.0,False
131,55,132,1.0,False
132,55,133,2.0,False
133,55,134,1.0,False
134,55,135,1.0,False
135,55,136,1.0,False
136,55,137,5.0,False
137,55,138,1.0,True
138,55,139,3.0,False
139,55,140,1.0,False
140,55,141,1.0,False
141,55,142,1.0,False
142,55,143,4.0,True
143,55,144,3.0,False
144,55,145,1.0,False
145,55,146,5.0,True
146,55,147,1.0,False
147,55,148,2.0,False
148,55,149,3.0,False
149,55,150,1.0,False
150,55,151,4.0,True
151,55,152,5.0,False
152,55,153,1.0,False
153,55,154,4.0,False
154,55,155,1.0,False
155,55,156,1.0,False
156,55,157,1.0,False
157,55,158,1.0,False
158,55,159,1.0,False
159,55,160,5.0,False
